"","QuadID","rtd","height","agdmc","ldmc","poros","srl","sla","rbranch","agbio","rdmc","por.rdmc","Replicate","Transect","Distance_m","plot","enclos","elev","DAYSUB","SUBN","FREQ","INTEN","d1","d2","d3","d4","r1","r2","r3","r4","nh4","no3","po4"
"1","Q1-3-0",0.1313018226,9.936873564,0.3569302898,0.3769487152,31.93752287,76.994229196,13.2070118428,5.2840537116,1.0853609192,0.2374140676,134.05510898,1,3,0,"R1T3",0,6.05e-07,253.25,33,28.03125,174.696101,0.982998126,0.012135779,0.002457488,0.002408607,"C 1 3 0","C 1 1 0","C 1 3 10","C 1 1 10",1.021613842,1.290668068,-3.840638094
"2","Q1-3-10",0.128318140869565,7.7128772826087,0.356251073565217,0.380410554826087,29.4581193082609,80.8989329191304,14.3913552746957,5.16607605,0.767817184130435,0.235732072913043,124.651224197391,1,3,10,"R1T3",0,0,253.25,33,28.03125,174.6966534,0.982950079,0.012135186,0.002457368,0.002457368,"C 1 3 10","C 1 1 10","C 1 3 0","C 1 3 20",1.027521736,1.536921198,-4.502912183
"3","Q1-3-12",0.160166310447205,26.9403203742857,0.379597963391304,0.360280305819876,43.4198948247826,59.2424401571429,7.20771895236025,6.383973398,4.47740830886335,0.253034006540373,173.456558275404,1,3,12,"R1T3",0,0.000721084,252.375,32,29.16129032,174.0389541,0.455549782,0.320140413,0.113895786,0.110414019,"C 1 3 10","C 1 1 10","C 1 3 20","C 1 1 20",0.959346466,2.888022862,-2.594516495
"4","Q1-3-14",0.151549412672131,27.3036404786885,0.375024892360656,0.349577965163934,47.0563518709836,62.3794429,5.41611972262295,6.35393050416393,3.52126681704918,0.244743969721311,192.224946077049,1,3,14,"R1T3",0,0.034088188,240.5,24,43.43478261,144.2842997,0.313425508,0.279639187,0.208952606,0.197982699,"C 1 3 10","C 1 1 10","C 1 3 20","C 1 1 20",0.921091317,3.380523195,-2.133076337
"5","Q1-3-16",0.148761159405405,12.2173949538919,0.366485017918919,0.36369412372973,26.8744555764865,82.8223998024324,15.3372785654054,6.21005980851351,1.18154682872973,0.262724468702703,107.843411160541,1,3,16,"R1T3",0,0.104252133,177,18,83.72222222,98.15647713,0.313425508,0.279639187,0.208952606,0.197982699,"C 1 3 20","C 1 1 20","C 1 3 10","C 1 1 10",0.879161136,3.731491414,-1.817552144
"6","Q1-3-18",0.153790697055556,9.21014372986111,0.310057311055556,0.319511510194444,25.5510206361111,68.8073176283333,17.3403350770556,5.83826351502778,1.10980445886111,0.262175504222222,103.450165044444,1,3,18,"R1T3",0,0.150332685,156.125,13,128.7692308,74.72990288,0.455549782,0.320140413,0.113895786,0.110414019,"C 1 3 20","C 1 1 20","C 1 3 10","C 1 1 10",0.810810459,4.050636445,-1.569756506
"7","Q1-3-2",0.0932915040952381,5.57237592009524,0.25055995852381,0.256013119571429,27.1947351190476,71.3525650361905,20.0619203282857,4.20179306290476,0.430874051571429,0.166955112571429,184.808142997143,1,3,2,"R1T3",0,0,253.25,33,28.03125,174.6966534,0.455549782,0.320140413,0.113895786,0.110414019,"C 1 3 0","C 1 1 0","C 1 3 10","C 1 1 10",1.557986042,1.521170157,-2.822011395
"8","Q1-3-20",0.135273267041152,6.3601287599177,0.252045687312757,0.29109252108642,21.9338620468724,74.1322900906173,22.065120716107,4.613841224107,0.479036027950617,0.236301731893004,97.0689421592593,1,3,20,"R1T3",0,0.19043142,136.5,22,83.22727273,56.24440904,0.982950079,0.012135186,0.002457368,0.002457368,"C 1 3 20","C 1 1 20","C 1 3 10","C 1 3 30",0.417219671,4.685677494,-1.237160111
"9","Q1-3-22",0.132067835,5.56861451342157,0.242468777401961,0.288020851176471,21.6052294104902,81.5901013430392,24.8413775964608,4.43870746993137,0.218546429411765,0.233892924882353,105.481395287255,1,3,22,"R1T3",0,0.25537401,94.25,7,309.8571429,36.96495264,0.455549782,0.320140413,0.113895786,0.110414019,"C 1 3 20","C 1 1 20","C 1 3 30","C 1 1 30",0.522858259,4.042013284,-1.016923934
"10","Q1-3-24",0.152206407484472,19.8417357149689,0.470013863639752,0.412297560701863,23.7642663960248,99.5851706031056,16.8526504851553,6.65296020371428,1.94519207701863,0.286868427546584,82.8407581140373,1,3,24,"R1T3",0,0.353113557,59.25,7,306.125,18.60172873,0.313425508,0.279639187,0.208952606,0.197982699,"C 1 3 20","C 1 1 20","C 1 3 30","C 1 1 30",0.32669515,3.709837165,-0.815225483
"11","Q1-3-26",0.16490323218232,13.9642093192818,0.34655693338674,0.317837280342541,16.0010118327072,81.6545834641989,17.9613436360773,5.37158957581215,3.59756703033149,0.25155158718232,60.8816113944751,1,3,26,"R1T3",0,0.487305203,14,3,702.75,3.821607419,0.313425508,0.279639187,0.208952606,0.197982699,"C 1 3 30","C 1 1 30","C 1 3 20","C 1 1 20",0.01663502,3.335227724,-0.630679507
"12","Q1-3-28",0.189815346857143,11.612183597,0.309448861214286,0.299325872928571,12.9777582174286,49.1901371485714,18.19993861,3.83726571757143,1.81739638285714,0.243809193714286,50.3071265271429,1,3,28,"R1T3",0,0.743816953,0,0,2923,0,0.455549782,0.320140413,0.113895786,0.110414019,"C 1 3 30","C 1 1 30","C 1 3 20","C 1 1 20",-0.46474613,2.789002771,-0.439857484
"13","Q1-3-30",0.193208017083333,8.02684829083333,0.364496170083333,0.348945471916667,9.60651942883333,32.1567004266667,12.171750041,3.07344935425,1.96652982291667,0.25857121425,36.0732553216667,1,3,30,"R1T3",0,1.150697262,0,0,2923,0,0.982998126,0.012135779,0.002457488,0.002408607,"C 1 3 30","C 1 1 30","C 1 3 20","C 1 1 20",-3.674833314,0.954586074,-0.010842205
"14","Q1-3-32",0.197315466679389,6.4953235010687,0.428579207618321,0.440206858030534,11.3458006487863,49.0215745792366,12.3071338352366,3.85734209632824,1.19386081099237,0.314886005633588,37.3721818085496,1,3,32,"R1T3",0,1.674419365,0,0,2923,0,0.491692499,0.34553993,0.081954974,0.080812596,"C 1 3 30","C 1 1 30","C 1 3 20","C 1 1 20",-0.689967544,2.508012778,-0.393176546
"15","Q1-3-4",0.151915890148148,27.3681094748148,0.375255630938272,0.349748612802469,47.053584972716,62.4708678382716,5.30984900703704,6.35558866022222,3.52834428601235,0.244591435716049,192.260878991852,1,3,4,"R1T3",0,3.46e-06,253.25,33,28.03125,174.6934923,0.313425508,0.279639187,0.208952606,0.197982699,"C 1 3 0","C 1 1 0","C 1 3 10","C 1 1 10",1.50202814,1.517713869,-2.8926915
"16","Q1-3-6",0.151037924395349,25.9734474933023,0.375824711860465,0.35489118572093,46.0757053027907,64.4072335134884,5.96921345093023,6.31905730634884,3.33180135818605,0.246153685930233,187.707249969767,1,3,6,"R1T3",0,6.83e-05,253.125,33,28.0625,174.6342551,0.313425508,0.279639187,0.208952606,0.197982699,"C 1 3 10","C 1 1 10","C 1 3 0","C 1 1 0",1.378883948,1.490929458,-3.074419428
"17","Q1-3-8",0.152245969,27.56436782,0.375002273,0.349444732,47.37640615,61.73880202,5.171950534,6.362461146,3.557471264,0.244884582,193.4642261,1,3,8,"R1T3",0,0,253.25,33,28.03125,174.6966534,0.455549782,0.320140413,0.113895786,0.110414019,"C 1 3 10","C 1 1 10","C 1 3 0","C 1 1 0",1.229696297,1.464778722,-3.349639831
"18","Q1-5-0",0.14099491,23.9476737833333,0.378605045,0.33420829,39.1576865,71.7097932333333,9.77031369933333,6.13888542633333,3.903361795,0.23833421,162.6008863,1,5,0,"R1T5",1,3.26e-06,253.25,33,28.03125,174.6936771,0.453734606,0.453734606,0.046265394,0.046265394,"E 1 4 0","E 1 6 0","E 1 4 10","E 1 6 10",1.704261465,1.33476632,-1.551374232
"19","Q1-5-10",0.152245969,27.56436782,0.375002273,0.349444732,47.37640615,61.73880202,5.171950534,6.362461146,3.557471264,0.244884582,193.4642261,1,5,10,"R1T5",1,0.007928939,249.375,30,32,167.5162751,0.453734606,0.453734606,0.046265394,0.046265394,"E 1 4 10","E 1 6 10","E 1 4 0","E 1 6 0",1.423752898,1.209226559,-2.936642877
"20","Q1-5-12",0.152245969,27.56436782,0.375002273,0.349444732,47.37640615,61.73880202,5.171950534,6.362461146,3.557471264,0.244884582,193.4642261,1,5,12,"R1T5",1,0.009325143,248.75,28,34.55555556,166.2607583,0.421371816,0.421371816,0.078628184,0.078628184,"E 1 4 10","E 1 6 10","E 1 4 0","E 1 6 0",1.449145445,1.219794283,-2.723189347
"21","Q1-5-14",0.152245969,27.56436782,0.375002273,0.349444732,47.37640615,61.73880202,5.171950534,6.362461146,3.557471264,0.244884582,193.4642261,1,5,14,"R1T5",1,0.033667185,240.875,23,45.27272727,144.6514928,0.386351472,0.386351472,0.113648528,0.113648528,"E 1 4 10","E 1 6 10","E 1 4 0","E 1 6 0",1.475915695,1.231105378,-2.534228089
"22","Q1-5-16",0.205785924439394,27.7030873112121,0.464106204954545,0.428025555863636,35.6707349851515,44.2870624190909,5.25389799018182,6.93248565048485,21.1898320671667,0.27873343719697,130.514427659394,1,5,16,"R1T5",1,0.095949315,180.75,17,86.88235294,102.5217981,0.348767564,0.348767564,0.151232436,0.151232436,"E 1 4 10","E 1 6 10","E 1 4 30","E 1 6 30",1.244352405,1.029952562,-0.228534111
"23","Q1-5-18",0.213292432390805,10.3206368081034,0.378143320988506,0.380197641885057,15.8409456528736,67.24220692,11.0959236122759,7.5090899022069,0.406010833655172,0.316497618149425,52.6145139402299,1,5,18,"R1T5",1,0.176978787,145.5,18,97.72222222,62.05588875,0.299458965,0.299458965,0.200541035,0.200541035,"E 1 4 10","E 1 6 10","E 1 4 30","E 1 6 30",1.193348478,0.970102394,0.042792604
"24","Q1-5-2",0.151422720780488,27.2997316709756,0.375265890463415,0.348329870390244,46.7750364195122,62.4683867429268,5.50841613146341,6.346101947,3.5827803272439,0.244405286487805,191.205932943902,1,5,2,"R1T5",1,1.24e-05,253.25,33,28.03125,174.6853308,0.39103982,0.39103982,0.10896018,0.10896018,"E 1 4 0","E 1 6 0","E 1 4 10","E 1 6 10",1.665899794,1.316446786,-1.673946941
"25","Q1-5-20",0.160189424333333,18.7705484355556,0.461204310666667,0.410091644,22.8151728422222,95.6983530344444,16.1624286877778,6.76560834355555,1.73141096888889,0.291698995,78.7429342511111,1,5,20,"R1T5",1,0.258138815,92.875,6,363.3333333,36.35188728,0.25,0.25,0.25,0.25,"E 1 4 10","E 1 4 30","E 1 6 10","E 1 6 30",1.139434283,0.906240396,0.256578327
"26","Q1-5-22",0.148859494888889,19.6724039791667,0.459384193222222,0.401795260583333,23.344562295,106.6428200325,17.1168273922222,7.00858254055556,2.69024465833333,0.285409140444444,81.9603625505556,1,5,22,"R1T5",1,0.35164807,59.625,7,305.75,18.81129344,0.299458965,0.299458965,0.200541035,0.200541035,"E 1 4 30","E 1 6 30","E 1 4 10","E 1 6 10",1.082446871,0.838020134,0.432612326
"27","Q1-5-24",0.187957538972477,5.05217393594495,0.285105183357798,0.282466355605505,8.56788748163303,32.7713394929358,13.9198224812844,2.61768755759633,1.20345334041284,0.231960307779817,35.9927558229358,1,5,24,"R1T5",1,0.490353221,13.625,2,938,3.574481502,0.348767564,0.348767564,0.151232436,0.151232436,"E 1 4 30","E 1 6 30","E 1 4 10","E 1 6 10",1.022203964,0.765033813,0.581824954
"28","Q1-5-26",0.181756014363636,9.41152921890909,0.335615500090909,0.323044831818182,12.9327316477273,46.8370912272727,14.9862561645455,3.55340086036364,1.08055676,0.245338740727273,49.4766047372727,1,5,26,"R1T5",1,0.759624613,0,0,2923,0,0.397598643,0.397598643,0.102401357,0.102401357,"E 1 4 30","E 1 6 30","E 1 4 10","E 1 6 10",0.958738828,0.687091119,0.710457083
"29","Q1-5-28",0.187764122530864,6.79540697283951,0.320969389604938,0.316098171259259,10.8907563395185,37.6998879960494,13.6378683885926,2.97668038109877,0.827334065432099,0.240359011580247,42.8834967237037,1,5,28,"R1T5",1,1.181700409,0,0,2923,0,0.444582217,0.444582217,0.055417783,0.055417783,"E 1 4 30","E 1 6 30","E 1 4 10","E 1 6 10",0.893620591,0.605887782,0.820329703
"30","Q1-5-30",0.221207719407767,4.51386352696117,0.318231900805825,0.325562302970874,8.7157399953301,26.8139073353495,12.6594930520874,2.55576003184466,0.931250914883495,0.25028366192233,34.8109642767961,1,5,30,"R1T5",1,1.654208677,0,0,2923,0,0.47565465,0.47565465,0.02434535,0.02434535,"E 1 4 30","E 1 6 30","E 1 4 10","E 1 6 10",0.848101276,0.548317721,0.88687959
"31","Q1-5-32",0.21768188175,4.05387954083333,0.30836811025,0.316762706833333,8.24229024341667,24.4889296216667,12.6604358305,2.37011334066667,0.5978067575,0.245505063416667,33.5139642583333,1,5,32,"R1T5",1,2.161009126,0,0,2923,0,0.45370321,0.45370321,0.04629679,0.04629679,"E 1 4 30","E 1 6 30","E 1 4 10","E 1 6 10",0.88047235,0.589329589,0.840328119
"32","Q1-5-4",0.150355670125,26.7285238178125,0.37598134515625,0.34878551384375,45.7887600778125,64.52662404875,5.952102590625,6.32410494265625,3.51617083825,0.24352845809375,187.52481562625,1,5,4,"R1T5",1,0,253.25,33,28.03125,174.6966534,0.297906496,0.297906496,0.202093504,0.202093504,"E 1 4 0","E 1 6 0","E 1 4 10","E 1 6 10",1.606050469,1.288598052,-1.889260728
"33","Q1-5-6",0.152245969,27.56436782,0.375002273,0.349444732,47.37640615,61.73880202,5.171950534,6.362461146,3.557471264,0.244884582,193.4642261,1,5,6,"R1T5",1,0,253.25,33,28.03125,174.6966534,0.297906496,0.297906496,0.202093504,0.202093504,"E 1 4 10","E 1 6 10","E 1 4 0","E 1 6 0",1.540496875,1.259114996,-2.173168069
"34","Q1-5-8",0.152245969,27.56436782,0.375002273,0.349444732,47.37640615,61.73880202,5.171950534,6.362461146,3.557471264,0.244884582,193.4642261,1,5,8,"R1T5",1,0.002339633,251.25,31,30.43333333,172.5673561,0.39103982,0.39103982,0.10896018,0.10896018,"E 1 4 10","E 1 6 10","E 1 4 0","E 1 6 0",1.472373106,1.229598503,-2.5575487
"35","Q2-3-0",0.124213603269231,15.5548426436923,0.35594169925,0.348812388326923,35.3619294588462,79.6061320807692,14.9818493294231,5.45899092763462,1.90389506794231,0.226141499288462,160.236631069615,2,3,0,"R2T3",0,0.049947711,233,21,50.42857143,130.7509351,0.982998126,0.012135779,0.002457488,0.002408607,"C 2 3 0","C 2 1 0","C 2 3 10","C 2 1 10",1.172963456,1.41430853,-3.465533168
"36","Q2-3-10",0.0859782347037037,3.79510998666667,0.225433851037037,0.227693360074074,27.1398584407407,67.7382599214815,21.157137807037,4.16751745781481,0.127234825407407,0.158485517888889,202.171116811111,2,3,10,"R2T3",0,0.059872216,201.125,26,50.53846154,123.1580803,0.982950079,0.012135186,0.002457368,0.002457368,"C 2 3 10","C 2 1 10","C 2 3 0","C 2 3 20",1.386156318,2.697782072,-2.363921007
"37","Q2-3-12",0.150133124344828,25.8620329593103,0.373680228390805,0.35209868854023,45.7449102883908,63.7355035728736,5.99301646655172,6.26309646662069,3.31724008235632,0.24396764283908,187.222392833793,2,3,12,"R2T3",0,0.066296506,196,27,50.18518519,119.1426396,0.455549782,0.320140413,0.113895786,0.110414019,"C 2 3 10","C 2 1 10","C 2 3 20","C 2 1 20",1.28394615,2.337485112,-1.616124776
"38","Q2-3-14",0.12118614047619,9.27721885474286,0.347168608019048,0.3522540474,28.1618029414286,85.4202869926667,16.9956107171429,5.11594195507619,1.49690545813333,0.223456950695238,130.608260779048,2,3,14,"R2T3",0,0.077153881,187.125,22,64.81818182,112.7979068,0.313425508,0.279639187,0.208952606,0.197982699,"C 2 3 10","C 2 1 10","C 2 3 20","C 2 1 20",1.15620741,2.221841079,-1.705316654
"39","Q2-3-16",0.12850009740404,13.0959169979192,0.392216624686869,0.369677183717172,24.9514410159596,110.97504154303,14.9862424044848,5.93537620436364,1.52243146583838,0.224788173939394,110.657035053535,2,3,16,"R2T3",0,0.08756114,184,19,76.36842105,107.0431145,0.313425508,0.279639187,0.208952606,0.197982699,"C 2 3 20","C 2 1 20","C 2 3 10","C 2 1 10",1.005899746,2.131718825,-1.895594198
"40","Q2-3-18",0.136192763190476,21.2385745100952,0.383984558190476,0.335556364952381,34.8100005438095,79.6308840523809,12.4169765871429,6.08257456938095,3.88381344695238,0.239014896047619,144.658160633333,2,3,18,"R2T3",0,0.097397058,179.75,18,82.5,101.7546326,0.455549782,0.320140413,0.113895786,0.110414019,"C 2 3 20","C 2 1 20","C 2 3 10","C 2 1 10",0.862527431,2.044693893,-2.151302751
"41","Q2-3-2",0.109777104416667,3.89126027833333,0.29145507075,0.308727474412879,26.6774604863731,85.8289786903447,18.839209404531,4.59319915049621,0.443655318537879,0.200797086515504,155.443780908295,2,3,2,"R2T3",0,0.049696228,233,21,50.42857143,130.9611748,0.455549782,0.320140413,0.113895786,0.110414019,"C 2 3 0","C 2 1 0","C 2 3 10","C 2 1 10",1.41777422,1.627891177,-2.461523395
"42","Q2-3-20",0.119523327363636,10.7767377790909,0.376346368363636,0.359695125090909,21.1514124563636,119.334492727273,17.90776565,5.52907392418182,1.10240880309091,0.210124524,105.804873445455,2,3,20,"R2T3",0,0.11154678,174.875,15,101.6,94.35935252,0.982950079,0.012135186,0.002457368,0.002457368,"C 2 3 20","C 2 1 20","C 2 3 10","C 2 3 30",0.945751273,1.946583421,-2.647416331
"43","Q2-3-22",0.135029514090909,18.1434696537273,0.368421923659091,0.351444657409091,33.2451707704545,93.0443184531818,12.3268903386364,5.830537607,2.17169603625,0.228460189181818,144.113348312273,2,3,22,"R2T3",0,0.134260005,164,24,67.125,82.69903919,0.455549782,0.320140413,0.113895786,0.110414019,"C 2 3 20","C 2 1 20","C 2 3 30","C 2 1 30",0.376779413,1.753150329,-2.07998625
"44","Q2-3-24",0.108737848677083,5.13893764181771,0.21162472109375,0.261511482661458,24.4604784203125,101.834320151667,26.2174449877083,3.60514075825,0.288906710177083,0.20657011559375,126.236726912188,2,3,24,"R2T3",0,0.162287909,151.5,12,142.5833333,68.94958673,0.313425508,0.279639187,0.208952606,0.197982699,"C 2 3 20","C 2 1 20","C 2 3 30","C 2 1 30",0.077883884,1.582276645,-1.790778101
"45","Q2-3-26",0.190138073,14.293373564,0.3856260948,0.3675802938,25.825674926,63.134990198,9.2584172846,7.3575766656,1.5374975862,0.2925162794,97.906341092,2,3,26,"R2T3",0,0.190742556,136.25,22,83.31818182,56.11511549,0.313425508,0.279639187,0.208952606,0.197982699,"C 2 3 30","C 2 1 30","C 2 3 20","C 2 1 20",-0.261905079,1.376454186,-1.561904921
"46","Q2-3-28",0.156118602795745,7.23362854605106,0.282663604319149,0.314604395378723,21.4218782335149,73.9218998182979,20.1482033139335,5.37320549153191,0.453547352868085,0.263953707446809,86.8108971924255,2,3,28,"R2T3",0,0.226052018,107.625,20,103.1,44.02202884,0.455549782,0.320140413,0.113895786,0.110414019,"C 2 3 30","C 2 1 30","C 2 3 20","C 2 1 20",-0.759638104,1.134807444,-1.366769185
"47","Q2-3-30",0.166039985007547,7.42187225889811,0.291211322196226,0.321885860113208,19.9148195632906,73.5620437238491,18.9652788860377,5.64110773249057,0.352798051750943,0.274346685049057,78.237366358717,2,3,30,"R2T3",0,0.251573968,94.875,9,240.4444444,37.81236198,0.982950079,0.012135186,0.002457368,0.002457368,"C 2 3 30","C 2 1 30","C 2 3 20","C 2 3 40",-3.697717867,0.875525605,-1.072362287
"48","Q2-3-32",0.160279830270642,8.08120064233945,0.287556598655963,0.31931302603211,20.6115139262661,72.2187670262385,19.266435970211,5.3689903549633,1.55201640289908,0.263005761504587,83.8007828852294,2,3,32,"R2T3",0,0.267968802,88.375,9,246.2222222,34.22969595,0.455549782,0.320140413,0.113895786,0.110414019,"C 2 3 30","C 2 1 30","C 2 3 40","C 2 1 40",0.795433448,0.752626136,-0.660956354
"49","Q2-3-34",0.156125325165939,7.53807321310044,0.277003343676856,0.31347542568559,20.8477476567686,75.4595470102183,20.3881595313275,5.23309408803493,0.3666615989869,0.265169815737991,84.0065777422707,2,3,34,"R2T3",0,0.288974181,81.875,5,453.6,29.83063531,0.313425508,0.279639187,0.208952606,0.197982699,"C 2 3 30","C 2 1 30","C 2 3 40","C 2 1 40",1.36129498,0.773355726,-0.375201034
"50","Q2-3-36",0.1803025,15.997307694,0.4372855994,0.4031590924,20.32558164,86.558626736,14.420394622,7.0978897594,1.271646154,0.3039376162,68.105923896,2,3,36,"R2T3",0,0.309901946,78.25,7,328.1428571,25.66946035,0.313425508,0.279639187,0.208952606,0.197982699,"C 2 3 40","C 2 1 40","C 2 3 30","C 2 1 30",1.704196545,0.809329316,-0.133959144
"51","Q2-3-38",0.168086435365854,17.1278955617805,0.444296528536585,0.403069197073171,21.4374091751219,90.6407595458537,15.3941366126829,6.84193506365854,1.48752213902439,0.29372492602439,74.3182337756098,2,3,38,"R2T3",0,0.331095876,69.125,7,296.25,21.86748524,0.455549782,0.320140413,0.113895786,0.110414019,"C 2 3 40","C 2 1 40","C 2 3 30","C 2 1 30",1.867862604,0.84117939,0.106389872
"52","Q2-3-4",0.128500290719512,4.26397034117073,0.366500836670732,0.404652038695122,28.453404062439,107.59403162561,19.3377838223171,5.73071486636585,0.219262133609756,0.256077129378049,123.679888787561,2,3,4,"R2T3",0,0.053058233,231.25,21,51.0952381,128.1644212,0.313425508,0.279639187,0.208952606,0.197982699,"C 2 3 0","C 2 1 0","C 2 3 10","C 2 1 10",1.439822696,1.85220969,-2.067461945
"53","Q2-3-40",0.162399652428571,18.4657967057143,0.458575880857143,0.409329825142857,22.5415913914286,94.6939875071429,15.9709963728571,6.80212278485714,1.68088736285714,0.293043898428571,77.5740320142857,2,3,40,"R2T3",0,0.369359456,52.5,5,417.1666667,16.39711874,0.982950079,0.012135186,0.002457368,0.002457368,"C 2 3 40","C 2 1 40","C 2 3 30","C 2 3 50",0.863177049,0.834917324,0.628839539
"54","Q2-3-42",0.14250308075,20.020567545,0.45470827275,0.39422492575,23.43293658,114.16804586,17.64584177,7.24769208875,3.3954201925,0.2820247635,83.10239995,2,3,42,"R2T3",0,0.419616285,38,12,201.4615385,10.39467791,0.455549782,0.320140413,0.113895786,0.110414019,"C 2 3 40","C 2 1 40","C 2 3 50","C 2 1 50",1.879622574,0.887978027,1.615189251
"55","Q2-3-44",0.12260199025,20.387343655,0.42331718825,0.35715875725,22.7533939,144.07687282,19.27264173,8.46746066825,6.3697733975,0.2720906245,83.63901569,2,3,44,"R2T3",0,0.488538441,13.75,2,937.6666667,3.721478652,0.313425508,0.279639187,0.208952606,0.197982699,"C 2 3 40","C 2 1 40","C 2 3 50","C 2 1 50",1.729501575,0.894690125,2.066381605
"56","Q2-3-46",0.146138826521739,14.1887095213043,0.366971309434783,0.327628072086957,17.1013724911304,101.999073646087,17.0781713204348,6.20390379604348,4.51224046826087,0.253812437173913,64.9999054434783,2,3,46,"R2T3",0,0.582640183,0,0,2923,0,0.313425508,0.279639187,0.208952606,0.197982699,"C 2 3 50","C 2 1 50","C 2 3 40","C 2 1 40",1.414381221,0.897483973,2.360850703
"57","Q2-3-48",0.173260929701299,10.6278447175325,0.358620569246753,0.337944257883117,14.5559610249351,59.8250577277922,14.718814057013,4.27711826285714,1.50691633376623,0.252730192558442,54.4756500602597,2,3,48,"R2T3",0,0.866104326,0,0,2923,0,0.455549782,0.320140413,0.113895786,0.110414019,"C 2 3 50","C 2 1 50","C 2 3 40","C 2 1 40",0.928793112,0.904132779,2.471461054
"58","Q2-3-50",0.185377697870504,6.68177816964029,0.321714927841727,0.317385932935252,10.7086583470935,38.1390913748489,13.4492852942878,3.00074700740288,0.890745413381295,0.240193009244604,42.3042647815108,2,3,50,"R2T3",0,1.41161348,0,0,2923,0,0.982998126,0.012135779,0.002457488,0.002408607,"C 2 3 50","C 2 1 50","C 2 3 40","C 2 1 40",-0.228638853,0.953826187,-0.650957892
"59","Q2-3-52",0.191778030962617,3.61078486891589,0.28041447046729,0.291968927598131,7.54761988170093,23.3613438125467,12.5175216276963,2.10751432857009,0.905029080406542,0.227810311196262,32.7280096459346,2,3,52,"R2T3",0,2.030666877,0,0,2923,0,0.491692499,0.34553993,0.081954974,0.080812596,"C 2 3 50","C 2 1 50","C 2 3 40","C 2 1 40",0.688133919,0.90492702,2.540005633
"60","Q2-3-54",0.204373071815385,13.2747531210308,0.475219626969231,0.430488242969231,11.0008701820769,40.1838371250308,10.7810968964,4.28450631192308,3.99055238292308,0.306478803107692,35.5605384716923,2,3,54,"R2T3",0,2.592609121,0,0,2923,0,0.406388501,0.362581051,0.116113083,0.114917366,"C 2 3 50","C 2 1 50","C 2 3 40","C 2 1 40",0.949014945,0.898693509,2.593043121
"61","Q2-3-6",0.107633355533333,8.87240607213333,0.3466491562,0.3416222912,27.5889803573333,103.659553876,20.3874560366667,5.49993855186667,0.926474163933333,0.224825546933333,132.770967306667,2,3,6,"R2T3",0,0.059523208,201.25,25,52.52,123.38124,0.313425508,0.279639187,0.208952606,0.197982699,"C 2 3 10","C 2 1 10","C 2 3 0","C 2 1 0",1.440278008,2.054970334,-1.799162257
"62","Q2-3-8",0.144521569288732,17.5626057312676,0.378616213612676,0.381582725246159,39.1305975870174,78.6844550003108,10.192941912073,6.06187966602785,2.16119938415813,0.25185151115624,157.633987957039,2,3,8,"R2T3",0,0.060042069,201.125,26,50.53846154,123.0495442,0.455549782,0.320140413,0.113895786,0.110414019,"C 2 3 10","C 2 1 10","C 2 3 0","C 2 1 0",1.433063237,2.25885956,-1.66233936
"63","Q2-5-0",0.152245969,27.56436782,0.375002273,0.349444732,47.37640615,61.73880202,5.171950534,6.362461146,3.557471264,0.244884582,193.4642261,2,5,0,"R2T5",1,0.029999082,242.5,23,44.68181818,147.8673772,0.453734606,0.453734606,0.046265394,0.046265394,"E 2 4 0","E 2 6 0","E 2 4 10","E 2 6 10",1.173496393,1.274690051,-2.950505217
"64","Q2-5-10",0.128517131488889,11.2701368859556,0.400403584911111,0.386029709955556,22.592576654,121.256784160444,16.3623874509778,5.94138914608889,1.1471261744,0.230288961111111,98.0208182422222,2,5,10,"R2T5",1,0.04644338,234.625,23,45.47826087,133.6870883,0.453734606,0.453734606,0.046265394,0.046265394,"E 2 4 10","E 2 6 10","E 2 4 0","E 2 4 20",1.357913179,1.821271341,-2.446844124
"65","Q2-5-12",0.13219367875,15.64167335,0.39039376775,0.36790549075,27.76501963,106.21180048,13.549282771,5.944957635,1.78800735125,0.22707594525,120.36088928,2,5,12,"R2T5",1,0.0569393,202.625,25,52.08,125.0414156,0.39103982,0.39103982,0.10896018,0.10896018,"E 2 4 10","E 2 6 10","E 2 4 20","E 2 6 20",1.430491186,1.876225668,-2.113923051
"66","Q2-5-14",0.152245969,27.56436782,0.375002273,0.349444732,47.37640615,61.73880202,5.171950534,6.362461146,3.557471264,0.244884582,193.4642261,2,5,14,"R2T5",1,0.060577554,200.875,25,52.64,122.7074411,0.297906496,0.297906496,0.202093504,0.202093504,"E 2 4 10","E 2 6 10","E 2 4 20","E 2 6 20",1.456872157,1.905742161,-1.833336299
"67","Q2-5-16",0.152245969,27.56436782,0.375002273,0.349444732,47.37640615,61.73880202,5.171950534,6.362461146,3.557471264,0.244884582,193.4642261,2,5,16,"R2T5",1,0.077307591,187,22,64.86363636,112.7118294,0.297906496,0.297906496,0.202093504,0.202093504,"E 2 4 20","E 2 6 20","E 2 4 10","E 2 6 10",1.483304866,1.935225217,-1.608834454
"68","Q2-5-18",0.149815388363636,26.1191927327273,0.376867908727273,0.351682399727273,44.99926839,67.1294685,6.18738474454545,6.31185465981818,3.34299078972727,0.242725959363636,184.603215576364,2,5,18,"R2T5",1,0.073413266,189.375,28,50.28571429,114.9184521,0.39103982,0.39103982,0.10896018,0.10896018,"E 2 4 20","E 2 6 20","E 2 4 10","E 2 6 10",1.508345561,1.963073951,-1.430301738
"69","Q2-5-2",0.13219367875,15.64167335,0.39039376775,0.36790549075,27.76501963,106.21180048,13.549282771,5.944957635,1.78800735125,0.22707594525,120.36088928,2,5,2,"R2T5",1,0.030011102,242.5,23,44.68181818,147.8568112,0.39103982,0.39103982,0.10896018,0.10896018,"E 2 4 0","E 2 6 0","E 2 4 10","E 2 6 10",1.207803953,1.374667297,-2.892309472
"70","Q2-5-20",0.152245969,27.56436782,0.375002273,0.349444732,47.37640615,61.73880202,5.171950534,6.362461146,3.557471264,0.244884582,193.4642261,2,5,20,"R2T5",1,0.094072205,180.875,18,82,103.5190966,0.453734606,0.453734606,0.046265394,0.046265394,"E 2 4 20","E 2 6 20","E 2 4 10","E 2 4 30",1.51167877,1.958161544,-1.329372675
"71","Q2-5-22",0.148758614173913,25.4908557382609,0.377679054695652,0.35265529873913,43.9657302334783,69.4732365347826,6.62887787956522,6.28985183973913,3.2497384096087,0.241787427782609,180.750602305217,2,5,22,"R2T5",1,0.120121638,173.375,13,118.1538462,89.9322363,0.405639584,0.405639584,0.113028289,0.075692542,"E 2 4 20","E 2 6 20","E 2 4 30","E 2 4 10",1.474601912,1.909899247,-1.416555553
"72","Q2-5-24",0.207292018237624,13.6827207748515,0.385190413920792,0.380829811851485,21.5955187266337,66.9495211415842,9.7422440309901,7.48609929423762,0.967204072544555,0.311557768841584,75.7066471479208,2,5,24,"R2T5",1,0.143204561,158,14,118.5,78.23570763,0.336412928,0.336412928,0.228215459,0.098958686,"E 2 4 20","E 2 6 20","E 2 4 30","E 2 4 10",1.407547943,1.826280511,-1.561646967
"73","Q2-5-26",0.201803197375,11.453541666625,0.368324624125,0.37256205925,17.15476633125,64.9707761425,12.00796574375,7.087002198,1.2241625,0.29922768125,61.667534615,2,5,26,"R2T5",1,0.193928245,133.75,23,80.56521739,54.81333989,0.377228048,0.255903578,0.255903578,0.110964796,"E 2 4 30","E 2 4 20","E 2 6 20","E 2 4 40",1.26488897,1.618275563,-1.786103201
"74","Q2-5-28",0.196296838666667,13.2436334614444,0.369066585111111,0.369993467333333,20.5127263111111,64.6116679066667,11.2484084982222,7.00649763666667,1.48341902933333,0.293189559111111,76.3116114466667,2,5,28,"R2T5",1,0.223231175,109.625,21,97.42857143,44.79502032,0.573432374,0.159782434,0.159782434,0.107002757,"E 2 4 30","E 2 4 20","E 2 6 20","E 2 4 40",1.121200619,1.433573946,-2.116657978
"75","Q2-5-30",0.214202216927835,10.1527425324227,0.381086131649485,0.382385861443299,15.2835443045361,68.0493076851546,11.306078097732,7.54352208039175,0.362803991546392,0.318691445268041,49.6529810408247,2,5,30,"R2T5",1,0.226907756,106.875,18,114.8888889,43.79238765,0.765757012,0.078080996,0.078080996,0.078080996,"E 2 4 30","E 2 4 20","E 2 4 40","E 2 6 20",0.972694384,1.253112528,-2.527964792
"76","Q2-5-32",0.215960287573333,10.4752427351467,0.386662822466667,0.386166711866667,15.4742374922667,68.7489486746667,11.2398161828,7.62779020902667,0.387259076933333,0.32259632004,48.9764733605333,2,5,32,"R2T5",1,0.253874953,94.625,9,240.6666667,37.29924236,0.573432374,0.159782434,0.159782434,0.107002757,"E 2 4 30","E 2 4 40","E 2 6 40","E 2 4 20",0.814696743,1.118909734,-2.288501434
"77","Q2-5-34",0.194226937,14.077371796,0.4207264916,0.3983596336,18.6020185,80.231123914,13.214371038,7.3279307396,0.953347436,0.3124105078,60.741839804,2,5,34,"R2T5",1,0.287213806,82.125,4,566.5,30.19313166,0.377228048,0.255903578,0.255903578,0.110964796,"E 2 4 30","E 2 4 40","E 2 6 40","E 2 4 20",0.835409833,1.078820468,-2.143675338
"78","Q2-5-36",0.1872647185,15.037339745,0.4290060455,0.400759363,19.46380007,83.394875325,13.81738283,7.2129102495,1.112496795,0.308174062,64.42388185,2,5,36,"R2T5",1,0.317519157,73.5,9,233.5,24.25926915,0.336412928,0.336412928,0.228215459,0.098958686,"E 2 4 40","E 2 6 40","E 2 4 30","E 2 4 50",1.065601157,0.875191322,-0.749839303
"79","Q2-5-38",0.157959139285714,18.9931643966071,0.461890246,0.409291602732143,22.9789907082143,97.4570267258929,16.3521384028571,6.78406782871429,1.87237284821429,0.290419583214286,79.5657193867857,2,5,38,"R2T5",1,0.344150586,61.25,6,347.5714286,19.89302347,0.405639584,0.405639584,0.113028289,0.075692542,"E 2 4 40","E 2 6 40","E 2 4 30","E 2 4 50",1.033739318,0.836986373,-0.933896944
"80","Q2-5-4",0.1308568594,14.846827052,0.3914198674,0.369136208,26.457593862,109.176667044,14.1077715868,5.9171240676,1.6700430904,0.2258887028,115.487333492,2,5,4,"R2T5",1,0.029803778,242.5,23,44.68181818,148.0390493,0.297906496,0.297906496,0.202093504,0.202093504,"E 2 4 0","E 2 6 0","E 2 4 10","E 2 6 10",1.256689054,1.506864847,-2.81166765
"81","Q2-5-40",0.151348009861111,19.8575559405556,0.468659865861111,0.410698778416667,23.7349555488889,100.875233877778,16.9228195655556,6.70557272008333,2.07348543472222,0.286439936388889,82.8639040655556,2,5,40,"R2T5",1,0.382709948,50.75,4,503.4,14.74947878,0.453734606,0.453734606,0.046265394,0.046265394,"E 2 4 40","E 2 6 40","E 2 4 50","E 2 4 30",0.984584854,0.811326553,-1.249512114
"82","Q2-5-42",0.152453626,19.83717949,0.470403815,0.41275801,23.77270792,99.21363238,16.83244179,6.637807799,1.90824359,0.286991833,82.83409208,2,5,42,"R2T5",1,0.443459183,28.25,5,449.5,7.873173225,0.39103982,0.39103982,0.10896018,0.10896018,"E 2 4 40","E 2 6 40","E 2 4 50","E 2 6 50",1.043063722,0.798314094,0.236422276
"83","Q2-5-44",0.129584144349206,21.978537431746,0.430649573206349,0.365060479714286,23.9474048346032,134.211378103968,18.3001042803651,8.23129037147619,6.02550986984127,0.272878626698413,88.0619510650794,2,5,44,"R2T5",1,0.494054868,12.75,5,470.1666667,3.282422447,0.297906496,0.297906496,0.202093504,0.202093504,"E 2 4 40","E 2 6 40","E 2 4 50","E 2 6 50",1.153558979,0.806662768,0.811431576
"84","Q2-5-46",0.162114688454545,17.9685795023636,0.416787206181818,0.372283331363636,20.6689781441818,89.0457956018182,17.9892277827273,6.04362066018182,2.36082715636364,0.273430364272727,73.9073753109091,2,5,46,"R2T5",1,0.553870919,2.375,1,1452,0.234494208,0.297906496,0.297906496,0.202093504,0.202093504,"E 2 4 50","E 2 6 50","E 2 4 40","E 2 6 40",1.255771901,0.81517953,1.182914116
"85","Q2-5-48",0.180339568333333,13.7407087109524,0.351510104095238,0.329126439349206,15.7836398088889,61.8426959444444,17.8281875830159,4.55042457911111,1.80947472539683,0.255109815952381,58.7343650488889,2,5,48,"R2T5",1,0.605834496,0,0,2923,0,0.39103982,0.39103982,0.10896018,0.10896018,"E 2 4 50","E 2 6 50","E 2 4 40","E 2 6 40",1.34601955,0.823389153,1.446516761
"86","Q2-5-50",0.185971529027778,5.40782303222222,0.299330532527778,0.29940705675,9.45040445055556,32.7766195111111,13.4445466655556,2.61658959758333,0.876344943055556,0.231782981388889,38.7946258988889,2,5,50,"R2T5",1,0.773999594,0,0,2923,0,0.453734606,0.453734606,0.046265394,0.046265394,"E 2 4 50","E 2 6 50","E 2 4 40","E 2 6 40",1.402486359,0.828877931,1.591472452
"87","Q2-5-52",0.187540110197368,10.4569529481579,0.393744283039474,0.368041327934211,11.8503217742105,43.7510130052632,12.7015289794737,3.77878926661842,2.29989954934211,0.268320694868421,42.9040228889474,2,5,52,"R2T5",1,1.338438811,0,0,2923,0,0.421371816,0.421371816,0.078628184,0.078628184,"E 2 4 50","E 2 6 50","E 2 4 40","E 2 6 40",1.37373676,0.826048409,1.519272497
"88","Q2-5-54",0.192365108797619,6.12895075815476,0.327886990404762,0.323589313440476,9.83045635861905,34.9800403620238,12.63734149775,2.8118948095,1.84244081410714,0.245453120130952,38.7027172233333,2,5,54,"R2T5",1,1.853486913,0,0,2923,0,0.386351472,0.386351472,0.113648528,0.113648528,"E 2 4 50","E 2 6 50","E 2 4 40","E 2 6 40",1.341665975,0.822977486,1.434783304
"89","Q2-5-56",0.221479875178571,5.73710794464286,0.334641908892857,0.3370319295,9.92697852082143,32.3241349907143,12.9591225135,2.90319340507143,0.736456444642857,0.257076109964286,38.3093326664286,2,5,56,"R2T5",1,2.319117531,0,0,2923,0,0.362409601,0.362409601,0.137590399,0.137590399,"E 2 4 50","E 2 6 50","E 2 4 40","E 2 6 40",1.319133252,0.820872591,1.372618643
"90","Q2-5-6",0.131288799210526,14.3702001592105,0.389044288078947,0.322549032657895,34.6894919392105,58.9212221168421,10.0767304325789,6.81133959171053,3.33373270710526,0.229629328605263,150.739119237895,2,5,6,"R2T5",1,0.033223106,241.125,22,47.33333333,145.0395338,0.297906496,0.297906496,0.202093504,0.202093504,"E 2 4 10","E 2 6 10","E 2 4 0","E 2 6 0",1.304604715,1.626774555,-2.734979695
"91","Q2-5-8",0.14556187225,23.59013633,0.38013277125,0.35559831825,40.83927731,76.56313484,7.964394613,6.223293309,2.96764995975,0.23894836975,169.09644716,2,5,8,"R2T5",1,0.040014721,237.75,22,46.40909091,139.1528408,0.39103982,0.39103982,0.10896018,0.10896018,"E 2 4 10","E 2 6 10","E 2 4 0","E 2 6 0",1.349078273,1.730989646,-2.665680734
"92","Q3-3-0",0.135041752329268,11.1572626386585,0.384707585195122,0.399659872695122,31.3850702637805,103.505126701829,15.5285576412195,6.03186923126829,1.19040571696341,0.250239657414634,133.040437407317,3,3,0,"R3T3",0,0.081362655,185.875,20,71.8,110.4499317,0.982998126,0.012135779,0.002457488,0.002408607,"C 3 3 0","C 3 1 0","C 3 3 10","C 3 1 10",1.764863586,1.773697264,-0.475700587
"93","Q3-3-10",0.146447009658009,24.9921735851515,0.369002508320346,0.346186260458874,43.9220366793074,71.8419307272727,6.99122897034632,6.15487331890043,3.18902140014719,0.238150610709957,183.15450382381,3,3,10,"R3T3",0,0.14550919,157.75,13,127.7692308,77.09521754,0.982950079,0.012135186,0.002457368,0.002457368,"C 3 3 10","C 3 1 10","C 3 3 0","C 3 3 20",1.773032024,2.478738677,-1.954658964
"94","Q3-3-12",0.128795085483871,18.6895029412581,0.327221285193548,0.325686419967742,38.8276805364516,74.0466608296774,13.3832954358065,5.40610397754839,2.33722967583871,0.214525078935484,185.830752365161,3,3,12,"R3T3",0,0.179771822,144.25,20,88.45,60.81282711,0.455549782,0.320140413,0.113895786,0.110414019,"C 3 3 10","C 3 1 10","C 3 3 20","C 3 1 20",1.586244558,2.198861042,-1.799505577
"95","Q3-3-14",0.0985602629259259,3.20321121101481,0.24290298797037,0.289271804785185,23.4444188540148,98.6244773234074,28.0293421957778,3.85940025443704,0.13935206122963,0.185821206585185,148.789796628,3,3,14,"R3T3",0,0.214794439,115.5,22,90.86363636,47.26432472,0.313425508,0.279639187,0.208952606,0.197982699,"C 3 3 10","C 3 1 10","C 3 3 20","C 3 1 20",1.394225096,2.004682436,-1.788377841
"96","Q3-3-16",0.160235610666667,7.27783279573563,0.315588886597701,0.332961924896552,19.5257881403448,83.511812125977,16.9280688336092,5.71230206252874,0.430057079735632,0.245360793137931,96.6799569177011,3,3,16,"R3T3",0,0.263365745,92,5,437.4,35.2154156,0.313425508,0.279639187,0.208952606,0.197982699,"C 3 3 20","C 3 1 20","C 3 3 10","C 3 1 10",1.152673601,1.775480639,-1.806273745
"97","Q3-3-18",0.16874214972956,8.54668982308176,0.311102530622641,0.331443423421384,17.6514042974843,69.322623465283,16.0342312861509,5.83915400715723,0.643276232899371,0.26064532191195,75.2556857207547,3,3,18,"R3T3",0,0.302096251,79.25,5,457.8,27.18171429,0.455549782,0.320140413,0.113895786,0.110414019,"C 3 3 20","C 3 1 20","C 3 3 10","C 3 1 10",0.859741598,1.474441319,-1.908989834
"98","Q3-3-2",0.0762275410137931,4.81015064148276,0.215818467013793,0.230620155758621,23.9750759866897,95.4240622842759,26.8445895368965,3.48481580298621,0.440802666986207,0.131103074786207,195.169532987724,3,3,2,"R3T3",0,0.072627034,190,28,50.10714286,115.3711942,0.455549782,0.320140413,0.113895786,0.110414019,"C 3 3 0","C 3 1 0","C 3 3 10","C 3 1 10",3.395118176,1.817878629,-1.020984743
"99","Q3-3-20",0.16391036379661,9.31115728123729,0.298495926847458,0.32717996079661,22.7445931955932,71.0865044891525,19.0782854255424,5.51537992111864,2.668101519,0.271069038864407,88.2282371305085,3,3,20,"R3T3",0,0.317081993,73.625,10,212.1818182,24.33795872,0.982950079,0.012135186,0.002457368,0.002457368,"C 3 3 20","C 3 1 20","C 3 3 10","C 3 3 30",0.602182341,0.676305021,-3.997816845
"100","Q3-3-22",0.144055426640449,7.02029813870787,0.259944477685393,0.301466659168539,20.822481508764,74.2224806274157,21.6725981155056,4.71871670825843,1.17393991247191,0.244937479977528,89.1725495334831,3,3,22,"R3T3",0,0.333573252,67,8,265.2222222,21.46667519,0.455549782,0.320140413,0.113895786,0.110414019,"C 3 3 20","C 3 1 20","C 3 3 30","C 3 1 30",0.990352284,1.278768876,-0.892032045
"101","Q3-3-24",0.162353011341772,7.52013270741772,0.282687267240506,0.318450612075949,20.2913189767089,71.8388206556962,19.7518463084684,5.30694402634177,0.974448582367089,0.267760325506329,80.1831806235443,3,3,24,"R3T3",0,0.350052798,59.875,6,349.1428571,19.03941724,0.313425508,0.279639187,0.208952606,0.197982699,"C 3 3 20","C 3 1 20","C 3 3 30","C 3 1 30",1.333947082,1.505469521,-0.44519706
"102","Q3-3-26",0.186889389819277,11.8937386774337,0.386135314156626,0.375445973698795,17.7310692762651,74.5582697522892,13.3022183988916,6.9279204343253,0.797509156301205,0.292785387710843,64.9597040628916,3,3,26,"R3T3",0,0.366940256,53.375,5,416,16.70188817,0.313425508,0.279639187,0.208952606,0.197982699,"C 3 3 30","C 3 1 30","C 3 3 20","C 3 1 20",1.62313039,1.692394902,-0.140756517
"103","Q3-3-28",0.187284290384615,19.7286982269231,0.449188986384615,0.412545000769231,24.8515552430769,74.42445194,11.8965789238462,7.04372676769231,7.35247140076923,0.297050955538462,86.0142960738462,3,3,28,"R3T3",0,0.38949301,49.125,5,421.6666667,13.92360484,0.455549782,0.320140413,0.113895786,0.110414019,"C 3 3 30","C 3 1 30","C 3 3 20","C 3 1 20",1.925148529,1.892863135,0.112743702
"104","Q3-3-30",0.175179654142857,14.6660278757143,0.396185434571429,0.367274269,18.2657766514286,106.771190282857,14.7810600871429,8.34058366771428,3.54826428571429,0.302685118428571,62.2538081657143,3,3,30,"R3T3",0,0.429574139,31.875,5,444.6666667,9.30523367,0.982950079,0.012135186,0.002457368,0.002457368,"C 3 3 30","C 3 1 30","C 3 3 20","C 3 3 40",2.623272084,2.385392397,0.526363105
"105","Q3-3-32",0.1481534134,22.596497814,0.448983573,0.3893197456,26.462158976,110.093407996,15.464165386,7.6586977952,9.430455214,0.2764652392,95.838340256,3,3,32,"R3T3",0,0.519424837,8.375,2,952,1.606876696,0.455549782,0.320140413,0.113895786,0.110414019,"C 3 3 30","C 3 1 30","C 3 3 40","C 3 1 40",1.95665965,1.903364398,0.480695542
"106","Q3-3-34",0.1694221236,9.58008224,0.3359302612,0.317801503,13.2160140572,62.14616082,14.978805286,4.1816473826,2.236043718,0.2436651698,51.318858096,3,3,34,"R3T3",0,0.733942304,0,0,2923,0,0.313425508,0.279639187,0.208952606,0.197982699,"C 3 3 30","C 3 1 30","C 3 3 40","C 3 1 40",1.6989428,1.716197191,0.577024482
"107","Q3-3-36",0.1285723174,20.277310822,0.4327345136,0.3682786078,22.957256704,135.104224732,18.784601742,8.1015300944,5.477467436,0.2750708662,83.478030968,3,3,36,"R3T3",0,0.829370525,0,0,2923,0,0.313425508,0.279639187,0.208952606,0.197982699,"C 3 3 40","C 3 1 40","C 3 3 30","C 3 1 30",1.477468035,1.549946343,0.694997318
"108","Q3-3-38",0.156435583217822,16.3903938475248,0.418601598792079,0.373450177940594,19.9612095784257,94.0896053790099,16.5677749789703,6.12801188028713,2.78827527623762,0.271634503742574,71.9508421566337,3,3,38,"R3T3",0,0.88403758,0,0,2923,0,0.455549782,0.320140413,0.113895786,0.110414019,"C 3 3 40","C 3 1 40","C 3 3 30","C 3 1 30",1.246729882,1.369465826,0.861142208
"109","Q3-3-4",0.0848551895813953,7.35923963038372,0.218394671290698,0.206088447837209,28.0491054261628,63.3466527369767,19.7185963469767,4.03024612838372,0.64150994944186,0.144944257,209.614982673256,3,3,4,"R3T3",0,0.070581172,191.625,30,46.33333333,116.5698945,0.313425508,0.279639187,0.208952606,0.197982699,"C 3 3 0","C 3 1 0","C 3 3 10","C 3 1 10",3.291639733,1.96415075,-1.21379325
"110","Q3-3-40",0.188588246830986,8.16951703126761,0.331185389830986,0.322803019746479,11.7267304350845,47.7792316040845,13.2677712590986,3.66023048547887,1.74466136239437,0.243868158422535,46.1444524129577,3,3,40,"R3T3",0,1.263236176,0,0,2923,0,0.982950079,0.012135186,0.002457368,0.002457368,"C 3 3 40","C 3 1 40","C 3 3 30","C 3 3 50",1.098701357,1.104736914,1.399118315
"111","Q3-3-42",0.20448697061039,3.75410697441558,0.313799374649351,0.322612333571429,7.73445824761039,21.5315714369481,11.7462573514805,2.25578477549351,0.853055072857143,0.243961755394443,33.0801509842736,3,3,42,"R3T3",0,1.727702467,0,0,2923,0,0.455549782,0.320140413,0.113895786,0.110414019,"C 3 3 40","C 3 1 40","C 3 3 50","C 3 1 50",0.597235782,1.060510583,0.937599821
"112","Q3-3-44",0.195036172532258,7.95695435322581,0.358862087370968,0.34601618316129,10.5001633264677,35.5789116342581,12.6738486425968,3.18414763620968,1.99728636048387,0.256256249354839,39.6985395851613,3,3,44,"R3T3",0,2.038452062,0,0,2923,0,0.313425508,0.279639187,0.208952606,0.197982699,"C 3 3 40","C 3 1 40","C 3 3 50","C 3 1 50",0.28956086,1.028380202,0.855115629
"113","Q3-3-46",0.198154948568966,2.8874178982069,0.297311742982759,0.311418422310345,7.18862008463793,19.8398487438448,11.9487841421724,2.00561525836207,0.477865147741379,0.238400539034483,30.2537013146552,3,3,46,"R3T3",0,2.235278605,0,0,2923,0,0.313425508,0.279639187,0.208952606,0.197982699,"C 3 3 50","C 3 1 50","C 3 3 40","C 3 1 40",-0.094349973,0.994535265,0.839086678
"114","Q3-3-48",0.198440001759494,4.16467138283544,0.326393840379747,0.336365372253165,8.62561606363291,27.6006007939494,12.2282177359494,2.48271125611392,0.580280668936709,0.252865612303798,33.8206022151899,3,3,48,"R3T3",0,2.401787956,0,0,2923,0,0.455549782,0.320140413,0.113895786,0.110414019,"C 3 3 50","C 3 1 50","C 3 3 40","C 3 1 40",-0.685131617,0.960175514,0.896279542
"115","Q3-3-50",0.1878751035,7.254473444,0.39307323675,0.3932788675,12.077746276,45.992920975,12.672875236,3.57882344925,0.817469826,0.28321787,42.67764421,3,3,50,"R3T3",0,2.559467523,0,0,2923,0,0.982998126,0.012135779,0.002457488,0.002408607,"C 3 3 50","C 3 1 50","C 3 3 40","C 3 1 40",-3.877821965,0.917263478,1.372976297
"116","Q3-3-6",0.074778409,3.65502153204478,0.222505404522388,0.244715749343284,21.8094757667164,94.015174761194,27.9659605583582,3.34151672916418,0.296392954537313,0.128586745597015,185.761193901493,3,3,6,"R3T3",0,0.081373701,185.875,20,71.8,110.443801,0.313425508,0.279639187,0.208952606,0.197982699,"C 3 3 10","C 3 1 10","C 3 3 0","C 3 1 0",3.034255374,2.108969781,-1.373474302
"117","Q3-3-8",0.10040950655102,8.79108544671429,0.302193062714286,0.292701252142857,25.6627191859184,94.0403720893878,21.2517424039184,4.80312346273469,1.29494177212245,0.172619297183673,161.559296567347,3,3,8,"R3T3",0,0.105054346,176.75,18,83.83333333,97.73692001,0.455549782,0.320140413,0.113895786,0.110414019,"C 3 3 10","C 3 1 10","C 3 3 0","C 3 1 0",2.65469338,2.24699648,-1.552561768
"118","Q3-5-0",0.1388777755,19.61590484,0.3852632695,0.3617519045,34.30214847,91.38746766,10.756838692,6.084125472,2.3778286555,0.2330121575,144.72866822,3,5,0,"R3T5",1,0.08,186.375,21,68.19047619,111.2080384,0.453734606,0.453734606,0.046265394,0.046265394,"E 3 4 0","E 3 6 0","E 3 4 10","E 3 6 10",2.017226633,2.20993296,-1.606154669
"119","Q3-5-10",0.152245969,27.56436782,0.375002273,0.349444732,47.37640615,61.73880202,5.171950534,6.362461146,3.557471264,0.244884582,193.4642261,3,5,10,"R3T5",1,0.16,152.75,14,121.5,70.04680248,0.453734606,0.453734606,0.046265394,0.046265394,"E 3 4 10","E 3 6 10","E 3 4 0","E 3 4 20",2.223351174,1.575155704,-2.407140308
"120","Q3-5-12",0.153295897516129,27.4961624064516,0.375582421516129,0.350831758645161,46.8837853370968,61.3668571883871,5.42726419451613,6.36570319754839,3.67881735225806,0.24596184183871,190.945062064516,3,5,12,"R3T5",1,0.18,144.125,20,88.5,60.71174433,0.39103982,0.39103982,0.10896018,0.10896018,"E 3 4 10","E 3 6 10","E 3 4 20","E 3 6 20",2.078666901,1.423747853,-2.355276655
"121","Q3-5-14",0.140594217888889,20.47306005825,0.37759481375,0.351259171111111,37.6855146222222,78.6838559155556,9.72324692738889,6.19674499241667,2.70263075713889,0.236226316305556,157.737379214444,3,5,14,"R3T5",1,0.2,129.75,28,67.32142857,52.42055203,0.297906496,0.297906496,0.202093504,0.202093504,"E 3 4 10","E 3 6 10","E 3 4 20","E 3 6 20",1.883757919,1.268805474,-2.082085663
"122","Q3-5-16",0.175522583,21.7887452133333,0.379204274,0.36255006,36.6359015066667,63.6845741033333,7.048741646,6.83764499733333,2.47723084266667,0.273041818333333,144.314041273333,3,5,16,"R3T5",1,0.22,111.5,21,96.71428571,45.7068168,0.297906496,0.297906496,0.202093504,0.202093504,"E 3 4 20","E 3 6 20","E 3 4 10","E 3 6 10",1.633510092,1.079564842,-1.862202887
"123","Q3-5-18",0.196318967578313,12.0596460941807,0.381916589156627,0.37849032986747,19.4446177484337,73.1352946387952,12.1033305350241,7.24564370836145,0.924387157626506,0.303426921072289,69.0512387612048,3,5,18,"R3T5",1,0.24,100.25,15,141.4,40.48719746,0.39103982,0.39103982,0.10896018,0.10896018,"E 3 4 20","E 3 6 20","E 3 4 10","E 3 6 10",1.310005671,0.853284966,-1.686682184
"124","Q3-5-2",0.152245969,27.56436782,0.375002273,0.349444732,47.37640615,61.73880202,5.171950534,6.362461146,3.557471264,0.244884582,193.4642261,3,5,2,"R3T5",1,0.07,192.125,30,46.2,116.9129346,0.39103982,0.39103982,0.10896018,0.10896018,"E 3 4 0","E 3 6 0","E 3 4 10","E 3 6 10",2.055675458,2.143093847,-1.70803058
"125","Q3-5-20",0.195239538102273,10.5859632969205,0.354406541784091,0.355307215977273,16.1087248073864,68.0622022784091,13.7568296822955,7.28074980665909,0.741746747636364,0.293225440602273,61.1113357579545,3,5,20,"R3T5",1,0.31,78.125,7,328.2857143,25.65071739,0.453734606,0.453734606,0.046265394,0.046265394,"E 3 4 20","E 3 6 20","E 3 4 10","E 3 4 30",0.824757279,0.594391957,-1.590581262
"126","Q3-5-22",0.212129784571429,11.6088827842857,0.399436210142857,0.392188900857143,16.3860087485714,72.0957631428571,11.6637692871429,7.62369771414286,0.544106227142857,0.323304225571429,51.2737316857143,3,5,22,"R3T5",1,0.34,63,8,268.7777778,20.49900906,0.39103982,0.39103982,0.10896018,0.10896018,"E 3 4 20","E 3 6 20","E 3 4 30","E 3 6 30",0.961873064,0.601216243,-1.401812373
"127","Q3-5-24",0.166087123628099,14.0450068029504,0.400729741892562,0.377646909743802,19.3429729313223,82.8075602183471,15.1534158566116,6.47583949789256,1.14654520858678,0.276215556826446,73.9480209687603,3,5,24,"R3T5",1,0.35,59.875,6,349.1428571,19.04696739,0.297906496,0.297906496,0.202093504,0.202093504,"E 3 4 20","E 3 6 20","E 3 4 30","E 3 6 30",1.131687949,0.679732407,-1.314895274
"128","Q3-5-26",0.1803025,15.997307694,0.4372855994,0.4031590924,20.32558164,86.558626736,14.420394622,7.0978897594,1.271646154,0.3039376162,68.105923896,3,5,26,"R3T5",1,0.39,49.125,5,421.6666667,13.86225906,0.297906496,0.297906496,0.202093504,0.202093504,"E 3 4 30","E 3 6 30","E 3 4 20","E 3 6 20",1.280687642,0.754548156,-1.232723647
"129","Q3-5-28",0.162399652428571,18.4657967057143,0.458575880857143,0.409329825142857,22.5415913914286,94.6939875071429,15.9709963728571,6.80212278485714,1.68088736285714,0.293043898428571,77.5740320142857,3,5,28,"R3T5",1,0.37,52.375,4,500.8,16.31713406,0.39103982,0.39103982,0.10896018,0.10896018,"E 3 4 30","E 3 6 30","E 3 4 20","E 3 6 20",1.406931705,0.822271752,-1.158841526
"130","Q3-5-30",0.1803025,15.997307694,0.4372855994,0.4031590924,20.32558164,86.558626736,14.420394622,7.0978897594,1.271646154,0.3039376162,68.105923896,3,5,30,"R3T5",1,0.4,45.625,6,365.4285714,12.67496739,0.453734606,0.453734606,0.046265394,0.046265394,"E 3 4 30","E 3 6 30","E 3 4 20","E 3 4 40",1.476054215,0.88660125,-1.117655394
"131","Q3-5-32",0.162399652428571,18.4657967057143,0.458575880857143,0.409329825142857,22.5415913914286,94.6939875071429,15.9709963728571,6.80212278485714,1.68088736285714,0.293043898428571,77.5740320142857,3,5,32,"R3T5",1,0.44,29.125,5,448.3333333,8.224967391,0.39103982,0.39103982,0.10896018,0.10896018,"E 3 4 30","E 3 6 30","E 3 4 40","E 3 6 40",1.445406906,0.997503621,-1.190585677
"132","Q3-5-34",0.14250308075,20.020567545,0.45470827275,0.39422492575,23.43293658,114.16804586,17.64584177,7.24769208875,3.3954201925,0.2820247635,83.10239995,3,5,34,"R3T5",1,0.47,19.125,9,277,5.303300725,0.297906496,0.297906496,0.202093504,0.202093504,"E 3 4 30","E 3 6 30","E 3 4 40","E 3 6 40",1.359999468,1.07671577,-1.297151731
"133","Q3-5-36",0.146767600142857,19.9419726642857,0.461434933714286,0.402167676142857,23.5785528685714,107.759011511429,17.2972417785714,6.98631310742857,2.75805879142857,0.284153507571429,82.9874108628571,3,5,36,"R3T5",1,0.57,0.625,3,729.5,0.004041667,0.297906496,0.297906496,0.202093504,0.202093504,"E 3 4 40","E 3 6 40","E 3 4 30","E 3 6 30",1.263790165,1.152145343,-1.420095822
"134","Q3-5-38",0.1325525355,20.2039556,0.4390127305,0.3756918415,23.09316524,129.12245934,18.45924175,7.8575763785,4.882596795,0.277057694,83.37070782,3,5,38,"R3T5",1,0.64,0,0,2923,0,0.39103982,0.39103982,0.10896018,0.10896018,"E 3 4 40","E 3 6 40","E 3 4 30","E 3 6 30",1.160466419,1.220386038,-1.556101625
"135","Q3-5-4",0.152245969,27.56436782,0.375002273,0.349444732,47.37640615,61.73880202,5.171950534,6.362461146,3.557471264,0.244884582,193.4642261,3,5,4,"R3T5",1,0.06,201.125,26,50.53846154,123.0764264,0.297906496,0.297906496,0.202093504,0.202093504,"E 3 4 0","E 3 6 0","E 3 4 10","E 3 6 10",2.110193742,2.034747615,-1.88156812
"136","Q3-5-40",0.1325525355,20.2039556,0.4390127305,0.3756918415,23.09316524,129.12245934,18.45924175,7.8575763785,4.882596795,0.277057694,83.37070782,3,5,40,"R3T5",1,0.74,0,0,2923,0,0.453734606,0.453734606,0.046265394,0.046265394,"E 3 4 40","E 3 6 40","E 3 4 30","E 3 4 50",1.026073564,1.240020801,0.407956749
"137","Q3-5-42",0.1285723174,20.277310822,0.4327345136,0.3682786078,22.957256704,135.104224732,18.784601742,8.1015300944,5.477467436,0.2750708662,83.478030968,3,5,42,"R3T5",1,0.84,0,0,2923,0,0.39103982,0.39103982,0.10896018,0.10896018,"E 3 4 40","E 3 6 40","E 3 4 50","E 3 6 50",0.833911405,1.167565825,1.201153591
"138","Q3-5-44",0.208661448514563,5.98399666024272,0.343704831097087,0.344221358543689,11.2885523364757,34.1073737271359,11.9141835618932,2.73368990572816,1.76221707291262,0.254515740943554,43.4469314712576,3,5,44,"R3T5",1,1.11,0,0,2923,0,0.297906496,0.297906496,0.202093504,0.202093504,"E 3 4 40","E 3 6 40","E 3 4 50","E 3 6 50",0.636431726,1.044376417,1.79433985
"139","Q3-5-46",0.197620296254438,2.94721760737278,0.280049717242604,0.289692473337278,7.09099277699408,19.3189892040828,12.5448390854497,1.91325675818343,0.596433954852071,0.22799211775258,31.1969292173937,3,5,46,"R3T5",1,1.21,0,0,2923,0,0.297906496,0.297906496,0.202093504,0.202093504,"E 3 4 50","E 3 6 50","E 3 4 40","E 3 6 40",0.382042409,0.899500163,2.172988545
"140","Q3-5-48",0.193861529596026,3.7887701293245,0.310934965298013,0.31316139610596,8.59589299041722,23.8857190326093,11.760676684106,2.36496216844371,0.75957920789404,0.245445214516556,33.6876605463576,3,5,48,"R3T5",1,1.3,0,0,2923,0,0.39103982,0.39103982,0.10896018,0.10896018,"E 3 4 50","E 3 6 50","E 3 4 40","E 3 6 40",0.051352208,0.735171996,2.440262326
"141","Q3-5-50",0.211419275257143,4.51388995746857,0.3335628246,0.345386108897143,13.9469594207829,40.7423997172343,11.8034960903657,2.47336665453143,2.08494557683429,0.253390042788571,52.5126383446857,3,5,50,"R3T5",1,1.47,0,0,2923,0,0.453734606,0.453734606,0.046265394,0.046265394,"E 3 4 50","E 3 6 50","E 3 4 40","E 3 6 40",-0.254949417,0.607078038,2.586856112
"142","Q3-5-6",0.152245969,27.56436782,0.375002273,0.349444732,47.37640615,61.73880202,5.171950534,6.362461146,3.557471264,0.244884582,193.4642261,3,5,6,"R3T5",1,0.06,201.125,26,50.53846154,123.0764264,0.297906496,0.297906496,0.202093504,0.202093504,"E 3 4 10","E 3 6 10","E 3 4 0","E 3 6 0",2.163341477,1.90949494,-2.098428773
"143","Q3-5-8",0.152245969,27.56436782,0.375002273,0.349444732,47.37640615,61.73880202,5.171950534,6.362461146,3.557471264,0.244884582,193.4642261,3,5,8,"R3T5",1,0.11,175.125,15,101.4666667,95.16092611,0.39103982,0.39103982,0.10896018,0.10896018,"E 3 4 10","E 3 6 10","E 3 4 0","E 3 6 0",2.212429194,1.770574253,-2.366828664
"144","Q4-3-0",0.126502793152174,6.1961962265,0.356538286717391,0.38925922930336,29.7271459264452,86.9162604253073,17.0368442402255,5.0541573478251,0.628981576140316,0.232237278177958,138.333183231294,4,3,0,"R4T3",0,0.03812822,238.875,24,42.16666667,140.7753295,0.982998126,0.012135779,0.002457488,0.002408607,"C 4 3 0","C 4 1 0","C 4 3 10","C 4 1 10",1.062098727,2.00307759,-3.500921143
"145","Q4-3-10",0.0943806885223881,3.46493604089552,0.26785208638806,0.279785518118725,25.0045130392012,76.6543180548379,21.3916882323041,3.96168470265604,0.248089667320217,0.167606999525165,171.199957729545,4,3,10,"R4T3",0,0.039296649,238.25,23,44.2173913,139.76915,0.982950079,0.012135186,0.002457368,0.002457368,"C 4 3 10","C 4 1 10","C 4 3 0","C 4 3 20",-0.329488048,0.922061305,-2.974908237
"146","Q4-3-12",0.0774126592222222,2.87797229493056,0.203044120402778,0.211786105443813,25.2192302687289,64.9593564133908,23.4036531928385,3.40959280704104,0.157346699353535,0.138454270780362,200.763269908049,4,3,12,"R4T3",0,0.039585466,238.125,23,44.26086957,139.521141,0.455549782,0.320140413,0.113895786,0.110414019,"C 4 3 10","C 4 1 10","C 4 3 20","C 4 1 20",0.45764624,1.039807892,-0.498900125
"147","Q4-3-14",0.111741358970588,7.59086287570588,0.321472496580882,0.345045371771725,29.9598766490182,82.0300895895892,19.0417071615027,4.64447227069819,0.884443031620989,0.208939265663133,152.019417613967,4,3,14,"R4T3",0,0.052789354,231.375,21,51.04761905,128.3870524,0.313425508,0.279639187,0.208952606,0.197982699,"C 4 3 10","C 4 1 10","C 4 3 20","C 4 1 20",0.718358345,1.108559096,0.040848723
"148","Q4-3-16",0.111898035123288,12.8240609911096,0.297316361767123,0.31087608939726,33.7662097728767,74.9349513709589,17.6319938756164,4.59566203106849,1.55202643568493,0.189285542424658,186.132566015342,4,3,16,"R4T3",0,0.050953111,232.375,22,48.36363636,129.9123265,0.313425508,0.279639187,0.208952606,0.197982699,"C 4 3 20","C 4 1 20","C 4 3 10","C 4 1 10",0.908985051,1.165445661,0.371763091
"149","Q4-3-18",0.0817406342413793,2.45730077541379,0.24778173,0.278742376724138,22.3891605160345,87.2293204827586,26.7942935815517,3.42407817262069,0.165681421793103,0.146036323568966,172.340007605,4,3,18,"R4T3",0,0.049468151,233.125,21,50.38095238,131.1518467,0.455549782,0.320140413,0.113895786,0.110414019,"C 4 3 20","C 4 1 20","C 4 3 10","C 4 1 10",1.033651796,1.186891402,0.517978149
"150","Q4-3-2",0.105674851125,3.65452552266667,0.302751185375,0.327122002636364,25.3201429421654,96.5758398978687,23.3051040711873,4.53375621091414,0.471223839122475,0.194246719649225,156.756345117196,4,3,2,"R4T3",0,0.058589902,201.625,25,52.4,123.9793876,0.455549782,0.320140413,0.113895786,0.110414019,"C 4 3 0","C 4 1 0","C 4 3 10","C 4 1 10",0.926978884,1.548368479,-3.275482773
"151","Q4-3-20",0.135602657598361,20.3392882876148,0.351801098368852,0.33940966504918,38.4483147944426,76.8587305611476,10.9175595437705,5.69980115501639,2.55057306072131,0.222818814795082,172.207464478361,4,3,20,"R4T3",0,0.056983163,202.625,25,52.08,125.013124,0.982950079,0.012135186,0.002457368,0.002457368,"C 4 3 20","C 4 1 20","C 4 3 10","C 4 3 30",0.893494151,0.890145206,-0.905387022
"152","Q4-3-22",0.122194448433628,13.6877923978053,0.346634441415929,0.296868287380531,32.6996036715044,56.7608040469026,13.2466640268142,6.6896356629646,3.08591139093805,0.211120920026549,150.239179200885,4,3,22,"R4T3",0,0.107376321,176.25,18,84.05555556,96.52390472,0.455549782,0.320140413,0.113895786,0.110414019,"C 4 3 20","C 4 1 20","C 4 3 30","C 4 1 30",1.40432367,1.205060316,0.61084036
"153","Q4-3-24",0.131832329546053,10.3521698733684,0.314582253868421,0.292795492723684,28.3330218038158,86.6888751015132,13.8684571684211,5.57999299944079,1.78708657547368,0.207167587868421,135.439523142763,4,3,24,"R4T3",0,0.191297993,135.5,23,79.95652174,55.88542087,0.313425508,0.279639187,0.208952606,0.197982699,"C 4 3 20","C 4 1 20","C 4 3 30","C 4 1 30",1.567031403,1.200477054,0.559099554
"154","Q4-3-26",0.165488109660256,7.99096066115385,0.314941496833333,0.328214759487179,17.5829241903205,68.9623831159615,15.4511461323077,5.92647138,0.539047706660256,0.254618577108974,79.5795846288461,4,3,26,"R4T3",0,0.260544908,92.75,6,363.5,35.82735917,0.313425508,0.279639187,0.208952606,0.197982699,"C 4 3 30","C 4 1 30","C 4 3 20","C 4 1 20",1.705303826,1.168483369,0.396496906
"155","Q4-3-28",0.139204457064865,6.93345221654054,0.269737199648649,0.298237290324324,21.1664100132973,72.0205330921081,19.8460713891351,4.91870819263784,0.61403427552973,0.235538100183784,95.0864249165406,4,3,28,"R4T3",0,0.339666189,63.25,8,268.5555556,20.54803755,0.455549782,0.320140413,0.113895786,0.110414019,"C 4 3 30","C 4 1 30","C 4 3 20","C 4 1 20",1.876196343,1.156351771,0.21306254
"156","Q4-3-30",0.151801131229508,19.8492049362295,0.469374599114754,0.411542725786885,23.7504278321311,100.194249657377,16.8857794936066,6.67780021144262,2.00576336721311,0.28666612352459,82.8516860386885,4,3,30,"R4T3",0,0.426536949,33.375,10,241.4545455,9.631351928,0.982950079,0.012135186,0.002457368,0.002457368,"C 4 3 30","C 4 1 30","C 4 3 20","C 4 3 40",2.383958466,1.351581707,0.248437605
"157","Q4-3-32",0.154106324417722,26.782530598076,0.448662715974684,0.388360639113924,27.6748760326962,99.520783111519,15.1889470877848,7.36968114965823,4.97051510886076,0.274837902974684,101.841288316582,4,3,32,"R4T3",0,0.543408349,4,2,963.6666667,0.478266161,0.455549782,0.320140413,0.113895786,0.110414019,"C 4 3 30","C 4 1 30","C 4 3 40","C 4 1 40",1.762654736,0.938437398,-0.343000033
"158","Q4-3-34",0.136571090692308,20.6074974769231,0.435472280230769,0.376980358153846,23.7863956792308,123.052155716923,18.0459673084615,7.75029856046154,5.07002781076923,0.277151689615385,85.83220268,4,3,34,"R4T3",0,0.779316604,0,0,2923,0,0.313425508,0.279639187,0.208952606,0.197982699,"C 4 3 30","C 4 1 30","C 4 3 40","C 4 1 40",1.444117433,0.739200611,-0.618762985
"159","Q4-3-36",0.188296282102273,5.46448303715909,0.291659362420455,0.293455459420455,9.15981696801136,31.3728336159091,13.8922541895455,2.56286507140909,0.940750407954545,0.230468438125,37.9844618367045,4,3,36,"R4T3",0,1.085972247,0,0,2923,0,0.313425508,0.279639187,0.208952606,0.197982699,"C 4 3 40","C 4 1 40","C 4 3 30","C 4 1 30",1.089568971,0.535821934,-0.906171071
"160","Q4-3-38",0.229013167073171,10.691246482561,0.434407560682927,0.394229774317073,11.2370225914878,42.4414068239024,11.7572767094146,3.83803450204878,2.72098215951219,0.307442100926829,37.3194557346341,4,3,38,"R4T3",0,1.702100193,0,0,2923,0,0.455549782,0.320140413,0.113895786,0.110414019,"C 4 3 40","C 4 1 40","C 4 3 30","C 4 1 30",0.597024587,0.298862088,-1.308504736
"161","Q4-3-4",0.1295802924375,6.35745268960938,0.355827614203125,0.38654178909304,29.2448816662262,98.2641878908459,17.2701934051308,5.33883531534304,0.600872832975852,0.242535632346657,130.140196121868,4,3,4,"R4T3",0,0.066967739,195.125,28,48.64285714,118.7336005,0.313425508,0.279639187,0.208952606,0.197982699,"C 4 3 0","C 4 1 0","C 4 3 10","C 4 1 10",0.784400235,1.391986213,-3.121790243
"162","Q4-3-40",0.313367281666667,6.66696581277778,0.393161406666667,0.332723100888889,11.3437250704444,51.3105906711111,13.1867186111111,3.16361717355556,1.06350042722222,0.355299671111111,35.5802808133333,4,3,40,"R4T3",0,2.398974717,0,0,2923,0,0.982998126,0.012135779,0.002457488,0.002408607,"C 4 3 40","C 4 1 40","C 4 3 30","C 4 1 30",-0.456630102,-0.063166196,-3.624578846
"163","Q4-3-42",0.2473671725,3.91284913028571,0.323264888785714,0.317527348714286,8.24440925407143,27.5155814185714,12.557475149,2.366808088,0.649881982571429,0.272744522928571,31.4306101242857,4,3,42,"R4T3",0,2.927115205,0,0,2923,0,0.491692499,0.34553993,0.081954974,0.080812596,"C 4 3 40","C 4 1 40","C 4 3 30","C 4 1 30",0.351965946,0.204112594,-1.478255718
"164","Q4-3-6",0.122873020583333,11.7735488425167,0.329644823633333,0.343086842882576,33.3038174627746,77.6435261540689,15.6965958612395,5.02184874801591,1.42286669920758,0.213078444203101,164.680495416659,4,3,6,"R4T3",0,0.070211528,192,29,47.82758621,116.7878588,0.313425508,0.279639187,0.208952606,0.197982699,"C 4 3 10","C 4 1 10","C 4 3 0","C 4 1 0",0.609095396,1.264492778,-2.990735389
"165","Q4-3-8",0.107318284879121,2.48207122908791,0.321112002428571,0.353429534328671,25.3785512319006,78.4562029447063,20.2056217784477,4.15412434755944,0.229654617636364,0.20517058821288,133.016869385484,4,3,8,"R4T3",0,0.065736198,196.625,25,54,119.486673,0.455549782,0.320140413,0.113895786,0.110414019,"C 4 3 10","C 4 1 10","C 4 3 0","C 4 1 0",0.37887148,1.131525591,-2.898278642
"166","Q4-5-0",0.148426485142857,25.2933783971429,0.377933986285714,0.352961067,43.6409039557143,70.2098493457143,6.76763286485714,6.28293666771429,3.22043051871429,0.241492460714286,179.539780991429,4,5,0,"R4T5",1,0.049303461,233.125,21,50.38095238,131.2895281,0.453734606,0.453734606,0.046265394,0.046265394,"E 4 4 0","E 4 6 0","E 4 4 10","E 4 6 10",1.266444979,2.103372457,-2.225066884
"167","Q4-5-10",0.149993852971429,24.6355136326857,0.380132092,0.361287125514286,44.340363542,70.0494282797143,6.908312922,6.3395455738,3.13302073425714,0.2474465154,180.113997828,4,5,10,"R4T5",1,0.047351614,234.125,22,47.72727273,132.9237404,0.453734606,0.453734606,0.046265394,0.046265394,"E 4 4 10","E 4 6 10","E 4 4 0","E 4 4 20",1.134562039,1.620623823,-1.6395685
"168","Q4-5-12",0.1348007788,19.035581014,0.3853727334,0.3501486048,31.985768216,91.44032926,12.3988789596,6.005647175,2.8212914958,0.2314564192,135.957775916,4,5,12,"R4T5",1,0.050120001,232.75,22,48.22727273,130.6071406,0.39103982,0.39103982,0.10896018,0.10896018,"E 4 4 10","E 4 6 10","E 4 4 20","E 4 6 20",1.436558374,1.528841954,-0.164303424
"169","Q4-5-14",0.152245969,27.56436782,0.375002273,0.349444732,47.37640615,61.73880202,5.171950534,6.362461146,3.557471264,0.244884582,193.4642261,4,5,14,"R4T5",1,0.051051891,232.375,22,48.36363636,129.8299444,0.297906496,0.297906496,0.202093504,0.202093504,"E 4 4 10","E 4 6 10","E 4 4 20","E 4 6 20",1.72665568,1.512558045,0.431479645
"170","Q4-5-16",0.137123578,20.8776158025,0.38283485025,0.34417098675,34.6752375725,84.04137825,11.413166987,6.05561151925,3.227067858,0.23403559075,145.94894231,4,5,16,"R4T5",1,0.062600498,198.375,27,49.48148148,121.4291815,0.297906496,0.297906496,0.202093504,0.202093504,"E 4 4 20","E 4 6 20","E 4 4 10","E 4 6 10",1.957016633,1.495524212,0.811137393
"171","Q4-5-18",0.150722751380952,26.8072532209524,0.375675666126984,0.35035514331746,46.2364007255556,64.2415600555556,5.76296439333333,6.33652921190476,3.4475182211746,0.243994628873016,189.169967164762,4,5,18,"R4T5",1,0.079245048,186.625,21,68.0952381,111.6285934,0.39103982,0.39103982,0.10896018,0.10896018,"E 4 4 20","E 4 6 20","E 4 4 10","E 4 6 10",2.139337106,1.478683949,1.078924914
"172","Q4-5-2",0.150323443736527,26.5297927183713,0.373168114251497,0.349746655263473,46.7582136192216,60.444402177485,5.77148172856287,6.20298718706587,3.41713417048503,0.240981000508982,194.778538180479,4,5,2,"R4T5",1,0.048540159,233.625,20,52.7,131.928233,0.39103982,0.39103982,0.10896018,0.10896018,"E 4 4 0","E 4 6 0","E 4 4 10","E 4 6 10",1.226796629,2.042648739,-2.3161165
"173","Q4-5-20",0.134566423566038,23.3071958390566,0.333030637169811,0.311387704396226,39.8445848032075,63.2599231532076,11.1070045709057,6.20230004977359,3.35881856403774,0.219138950698113,173.727120088679,4,5,20,"R4T5",1,0.118480111,173.5,12,127.9166667,90.7792643,0.453734606,0.453734606,0.046265394,0.046265394,"E 4 4 20","E 4 6 20","E 4 4 10","E 4 4 30",2.244692485,1.455381984,1.234401314
"174","Q4-5-22",0.182427652551724,44.1763852563103,0.438385072586207,0.379153623896552,43.543550037931,45.1027570482759,5.75709991062069,7.12957712234483,7.14360309151724,0.247237502551724,174.804064289655,4,5,22,"R4T5",1,0.19964608,130,28,67.25,52.55730139,0.39103982,0.39103982,0.10896018,0.10896018,"E 4 4 20","E 4 6 20","E 4 4 30","E 4 6 30",2.109652566,1.376805343,1.106327649
"175","Q4-5-24",0.199147549819444,16.1818549939167,0.387896054263889,0.382355397611111,23.5372954869444,59.8214026011111,10.4367838444306,7.01206435523611,5.36126898230556,0.292907122402778,85.9094600613889,4,5,24,"R4T5",1,0.253981113,94.625,9,240.6666667,37.27556872,0.297906496,0.297906496,0.202093504,0.202093504,"E 4 4 20","E 4 6 20","E 4 4 30","E 4 6 30",1.889703381,1.301147645,0.876316847
"176","Q4-5-26",0.175319663146919,8.64523623923223,0.319570280440758,0.337927898540284,17.9975567401564,73.0443057051185,15.9846240969953,6.07422122957346,0.511257460047393,0.272084441184834,74.7285559540758,4,5,26,"R4T5",1,0.315056151,75.125,10,211.0909091,24.70632942,0.297906496,0.297906496,0.202093504,0.202093504,"E 4 4 30","E 4 6 30","E 4 4 20","E 4 6 20",1.597890387,1.216836668,0.566996299
"177","Q4-5-28",0.144156233,18.6040090183333,0.425213474,0.3716922925,21.6568626233333,123.849540321667,17.4542220966667,8.04927719533333,4.61734786333333,0.284118437,77.2339710766667,4,5,28,"R4T5",1,0.392900377,47.625,8,282.4444444,13.51373916,0.39103982,0.39103982,0.10896018,0.10896018,"E 4 4 30","E 4 6 30","E 4 4 20","E 4 6 20",1.198344175,1.127451271,0.132574783
"178","Q4-5-30",0.118337470857143,20.4659385357143,0.416590527285714,0.349216006857143,22.6077776114286,150.485907168571,19.6212417214286,8.72883964957143,7.00713479857143,0.269961880428571,83.7540047771428,4,5,30,"R4T5",1,0.471763312,18.25,7,347.125,5.143685979,0.453734606,0.453734606,0.046265394,0.046265394,"E 4 4 30","E 4 6 30","E 4 4 20","E 4 4 40",0.680049355,1.075150889,-0.619774145
"179","Q4-5-32",0.135751446481481,19.4562584239259,0.416006294148148,0.357829336555556,21.8035144913333,126.087741651111,18.9907767825926,7.66067675081481,5.17714392222222,0.271164720111111,79.7537719414815,4,5,32,"R4T5",1,0.617924382,0,0,2923,0,0.39103982,0.39103982,0.10896018,0.10896018,"E 4 4 30","E 4 6 30","E 4 4 40","E 4 6 40",0.099765239,1.054261923,-0.068653156
"180","Q4-5-34",0.1444931898,19.983889934,0.4578473812,0.3979315426,23.500890848,111.177163164,17.483161774,7.1257152308,3.097984872,0.2830181774,83.048738376,4,5,34,"R4T5",1,0.790573758,0,0,2923,0,0.297906496,0.297906496,0.202093504,0.202093504,"E 4 4 30","E 4 6 30","E 4 4 40","E 4 6 40",-0.169439068,1.089337024,0.319881861
"181","Q4-5-36",0.200075742615385,16.438325514,0.441248678538462,0.384540303538462,20.1248509745385,84.3745393338462,16.4439849853846,5.63246469923077,1.72540019738462,0.304970675692308,69.1848019653846,4,5,36,"R4T5",1,1.257718625,0,0,2923,0,0.297906496,0.297906496,0.202093504,0.202093504,"E 4 4 40","E 4 6 40","E 4 4 30","E 4 6 30",-0.551887556,1.124181637,0.605973019
"182","Q4-5-38",0.24920266736,6.40315384632,0.2983915426,0.2444018176,7.66466309848,25.9678604112,16.0525495892,2.66932267748,0.65963974368,0.29805493492,26.8704721304,4,5,38,"R4T5",1,1.869952672,0,0,2923,0,0.39103982,0.39103982,0.10896018,0.10896018,"E 4 4 40","E 4 6 40","E 4 4 30","E 4 6 30",-1.154901719,1.156926417,0.822573083
"183","Q4-5-4",0.126288311718447,12.1304591209709,0.394926538048544,0.373342154330097,21.9894980334951,119.309026563689,16.0163935592427,5.82200352658252,1.26690309215534,0.221831330543689,98.832074876699,4,5,4,"R4T5",1,0.050026123,232.75,22,48.22727273,130.6854348,0.297906496,0.297906496,0.202093504,0.202093504,"E 4 4 0","E 4 6 0","E 4 4 10","E 4 6 10",1.164835106,1.945035483,-2.468805283
"184","Q4-5-40",0.257311464,8.46711538566667,0.38341933,0.338027051333333,12.8870259466667,54.1281399066667,13.8102223866667,3.57193747433333,1.11408397433333,0.314858866666667,43.90517856,4,5,40,"R4T5",1,2.364141009,0,0,2923,0,0.453734606,0.453734606,0.046265394,0.046265394,"E 4 4 40","E 4 6 40","E 4 4 30","E 4 6 30",-1.969381738,1.178380518,0.945762821
"185","Q4-5-42",0.445368021307692,4.78259615384615,0.515562916307692,0.541169813461538,8.79262311415385,21.6075213553846,9.20874057338462,4.14306875430769,0.954035622692308,0.403181474461539,22.6887164569231,4,5,42,"R4T5",1,2.827177468,0,0,2923,0,0.421371816,0.421371816,0.078628184,0.078628184,"E 4 4 40","E 4 6 40","E 4 4 30","E 4 6 30",-1.468985276,1.167363486,0.884069084
"186","Q4-5-6",0.151593862,27.1766379185366,0.375502809414634,0.350045081878049,46.7386374826829,63.1850783926829,5.44438410268293,6.34888379604878,3.49992772212195,0.244305439341463,191.086881813171,4,5,6,"R4T5",1,0.049997875,233,21,50.42857143,130.7089976,0.297906496,0.297906496,0.202093504,0.202093504,"E 4 4 10","E 4 6 10","E 4 4 0","E 4 6 0",1.096812573,1.833560182,-2.654783988
"187","Q4-5-8",0.123589037875,17.4396904925,0.385673759125,0.318239530625,25.6157225175,91.58569866,16.9144896955,5.78983185825,4.040814306625,0.227178138875,111.83782208,4,5,8,"R4T5",1,0.050080982,232.75,22,48.22727273,130.6396822,0.39103982,0.39103982,0.10896018,0.10896018,"E 4 4 10","E 4 6 10","E 4 4 0","E 4 6 0",1.025938506,1.711812784,-2.876279044
